-9,26,5BVjqwHL4RHIVhjk1kseDBORJ+U=,TOYtcU/ypsv/cqx1YISCKMDVDIQ=
-5,24,5BVjqwHL4RHIVhjk1kseDBORJ+U=,Pvv7AvKdj75V/xKtx0vuqlN+tyA=
-6,24,5BVjqwHL4RHIVhjk1kseDBORJ+U=,Pvv7AvKdj75V/xKtx0vuqlN+tyA=
-9,25,5BVjqwHL4RHIVhjk1kseDBORJ+U=,TOYtcU/ypsv/cqx1YISCKMDVDIQ=
-5,26,5BVjqwHL4RHIVhjk1kseDBORJ+U=,Pvv7AvKdj75V/xKtx0vuqlN+tyA=
-7,24,5BVjqwHL4RHIVhjk1kseDBORJ+U=,Pvv7AvKdj75V/xKtx0vuqlN+tyA=
-12,24,5BVjqwHL4RHIVhjk1kseDBORJ+U=,TOYtcU/ypsv/cqx1YISCKMDVDIQ=
-1,25,vnw1yo/U9URYAcxGy0nDiRysp7Y=,Pvv7AvKdj75V/xKtx0vuqlN+tyA=
-9,24,vnw1yo/U9URYAcxGy0nDiRysp7Y=,TOYtcU/ypsv/cqx1YISCKMDVDIQ=
-11,24,vnw1yo/U9URYAcxGy0nDiRysp7Y=,TOYtcU/ypsv/cqx1YISCKMDVDIQ=
-8,24,vnw1yo/U9URYAcxGy0nDiRysp7Y=,Pvv7AvKdj75V/xKtx0vuqlN+tyA=
-10,27,vnw1yo/U9URYAcxGy0nDiRysp7Y=,TOYtcU/ypsv/cqx1YISCKMDVDIQ=
-12,27,vnw1yo/U9URYAcxGy0nDiRysp7Y=,TOYtcU/ypsv/cqx1YISCKMDVDIQ=
-11,27,vnw1yo/U9URYAcxGy0nDiRysp7Y=,TOYtcU/ypsv/cqx1YISCKMDVDIQ=
-5,23,vnw1yo/U9URYAcxGy0nDiRysp7Y=,PTx7eHYN7/3210z1UrmTq8at1y4=
-6,26,vnw1yo/U9URYAcxGy0nDiRysp7Y=,Pvv7AvKdj75V/xKtx0vuqlN+tyA=
-6,23,vnw1yo/U9URYAcxGy0nDiRysp7Y=,PTx7eHYN7/3210z1UrmTq8at1y4=
-2,20,vnw1yo/U9URYAcxGy0nDiRysp7Y=,PTx7eHYN7/3210z1UrmTq8at1y4=
-2,19,vnw1yo/U9URYAcxGy0nDiRysp7Y=,PTx7eHYN7/3210z1UrmTq8at1y4=
-7,26,vnw1yo/U9URYAcxGy0nDiRysp7Y=,Pvv7AvKdj75V/xKtx0vuqlN+tyA=
-7,23,vnw1yo/U9URYAcxGy0nDiRysp7Y=,PTx7eHYN7/3210z1UrmTq8at1y4=
-3,19,vnw1yo/U9URYAcxGy0nDiRysp7Y=,PTx7eHYN7/3210z1UrmTq8at1y4=
-8,26,vnw1yo/U9URYAcxGy0nDiRysp7Y=,Pvv7AvKdj75V/xKtx0vuqlN+tyA=
-1,27,vnw1yo/U9URYAcxGy0nDiRysp7Y=,Pvv7AvKdj75V/xKtx0vuqlN+tyA=
-1,19,vnw1yo/U9URYAcxGy0nDiRysp7Y=,PTx7eHYN7/3210z1UrmTq8at1y4=
-1,18,vnw1yo/U9URYAcxGy0nDiRysp7Y=,PTx7eHYN7/3210z1UrmTq8at1y4=
-1,17,vnw1yo/U9URYAcxGy0nDiRysp7Y=,PTx7eHYN7/3210z1UrmTq8at1y4=
-5,19,vnw1yo/U9URYAcxGy0nDiRysp7Y=,PTx7eHYN7/3210z1UrmTq8at1y4=
-5,25,vnw1yo/U9URYAcxGy0nDiRysp7Y=,Pvv7AvKdj75V/xKtx0vuqlN+tyA=
-4,19,vnw1yo/U9URYAcxGy0nDiRysp7Y=,PTx7eHYN7/3210z1UrmTq8at1y4=
-1,24,vnw1yo/U9URYAcxGy0nDiRysp7Y=,Pvv7AvKdj75V/xKtx0vuqlN+tyA=
-8,23,vnw1yo/U9URYAcxGy0nDiRysp7Y=,PTx7eHYN7/3210z1UrmTq8at1y4=
-1,20,vnw1yo/U9URYAcxGy0nDiRysp7Y=,PTx7eHYN7/3210z1UrmTq8at1y4=
-1,26,vnw1yo/U9URYAcxGy0nDiRysp7Y=,Pvv7AvKdj75V/xKtx0vuqlN+tyA=
-2,18,vnw1yo/U9URYAcxGy0nDiRysp7Y=,PTx7eHYN7/3210z1UrmTq8at1y4=
-6,19,vnw1yo/U9URYAcxGy0nDiRysp7Y=,PTx7eHYN7/3210z1UrmTq8at1y4=
-6,25,vnw1yo/U9URYAcxGy0nDiRysp7Y=,Pvv7AvKdj75V/xKtx0vuqlN+tyA=
-1,16,vnw1yo/U9URYAcxGy0nDiRysp7Y=,PTx7eHYN7/3210z1UrmTq8at1y4=
-2,23,vnw1yo/U9URYAcxGy0nDiRysp7Y=,PTx7eHYN7/3210z1UrmTq8at1y4=
-8,22,vnw1yo/U9URYAcxGy0nDiRysp7Y=,PTx7eHYN7/3210z1UrmTq8at1y4=
-3,18,vnw1yo/U9URYAcxGy0nDiRysp7Y=,PTx7eHYN7/3210z1UrmTq8at1y4=
-1,21,vnw1yo/U9URYAcxGy0nDiRysp7Y=,PTx7eHYN7/3210z1UrmTq8at1y4=
-7,19,vnw1yo/U9URYAcxGy0nDiRysp7Y=,PTx7eHYN7/3210z1UrmTq8at1y4=
-1,23,vnw1yo/U9URYAcxGy0nDiRysp7Y=,PTx7eHYN7/3210z1UrmTq8at1y4=
-2,26,vnw1yo/U9URYAcxGy0nDiRysp7Y=,Pvv7AvKdj75V/xKtx0vuqlN+tyA=
-7,25,vnw1yo/U9URYAcxGy0nDiRysp7Y=,Pvv7AvKdj75V/xKtx0vuqlN+tyA=
-4,18,vnw1yo/U9URYAcxGy0nDiRysp7Y=,PTx7eHYN7/3210z1UrmTq8at1y4=
-1,22,vnw1yo/U9URYAcxGy0nDiRysp7Y=,PTx7eHYN7/3210z1UrmTq8at1y4=
-5,22,vnw1yo/U9URYAcxGy0nDiRysp7Y=,PTx7eHYN7/3210z1UrmTq8at1y4=
-11,31,vnw1yo/U9URYAcxGy0nDiRysp7Y=,TOYtcU/ypsv/cqx1YISCKMDVDIQ=
-3,27,vnw1yo/U9URYAcxGy0nDiRysp7Y=,Pvv7AvKdj75V/xKtx0vuqlN+tyA=
-4,27,vnw1yo/U9URYAcxGy0nDiRysp7Y=,Pvv7AvKdj75V/xKtx0vuqlN+tyA=
-8,19,vnw1yo/U9URYAcxGy0nDiRysp7Y=,PTx7eHYN7/3210z1UrmTq8at1y4=
-12,31,vnw1yo/U9URYAcxGy0nDiRysp7Y=,TOYtcU/ypsv/cqx1YISCKMDVDIQ=
-2,17,vnw1yo/U9URYAcxGy0nDiRysp7Y=,PTx7eHYN7/3210z1UrmTq8at1y4=
-3,23,vnw1yo/U9URYAcxGy0nDiRysp7Y=,PTx7eHYN7/3210z1UrmTq8at1y4=
-6,22,vnw1yo/U9URYAcxGy0nDiRysp7Y=,PTx7eHYN7/3210z1UrmTq8at1y4=
-8,25,vnw1yo/U9URYAcxGy0nDiRysp7Y=,Pvv7AvKdj75V/xKtx0vuqlN+tyA=
-5,18,vnw1yo/U9URYAcxGy0nDiRysp7Y=,PTx7eHYN7/3210z1UrmTq8at1y4=
-2,27,vnw1yo/U9URYAcxGy0nDiRysp7Y=,Pvv7AvKdj75V/xKtx0vuqlN+tyA=
-10,31,vnw1yo/U9URYAcxGy0nDiRysp7Y=,TOYtcU/ypsv/cqx1YISCKMDVDIQ=
-6,18,vnw1yo/U9URYAcxGy0nDiRysp7Y=,PTx7eHYN7/3210z1UrmTq8at1y4=
-4,25,vnw1yo/U9URYAcxGy0nDiRysp7Y=,Pvv7AvKdj75V/xKtx0vuqlN+tyA=
-2,16,vnw1yo/U9URYAcxGy0nDiRysp7Y=,PTx7eHYN7/3210z1UrmTq8at1y4=
-3,25,vnw1yo/U9URYAcxGy0nDiRysp7Y=,Pvv7AvKdj75V/xKtx0vuqlN+tyA=
-3,26,vnw1yo/U9URYAcxGy0nDiRysp7Y=,Pvv7AvKdj75V/xKtx0vuqlN+tyA=
-7,22,vnw1yo/U9URYAcxGy0nDiRysp7Y=,PTx7eHYN7/3210z1UrmTq8at1y4=
-4,23,vnw1yo/U9URYAcxGy0nDiRysp7Y=,PTx7eHYN7/3210z1UrmTq8at1y4=
-5,27,vnw1yo/U9URYAcxGy0nDiRysp7Y=,Pvv7AvKdj75V/xKtx0vuqlN+tyA=
-3,17,vnw1yo/U9URYAcxGy0nDiRysp7Y=,PTx7eHYN7/3210z1UrmTq8at1y4=
-1,30,vnw1yo/U9URYAcxGy0nDiRysp7Y=,Pvv7AvKdj75V/xKtx0vuqlN+tyA=
-2,25,vnw1yo/U9URYAcxGy0nDiRysp7Y=,Pvv7AvKdj75V/xKtx0vuqlN+tyA=
-3,16,vnw1yo/U9URYAcxGy0nDiRysp7Y=,PTx7eHYN7/3210z1UrmTq8at1y4=
-4,26,vnw1yo/U9URYAcxGy0nDiRysp7Y=,Pvv7AvKdj75V/xKtx0vuqlN+tyA=
-5,21,vnw1yo/U9URYAcxGy0nDiRysp7Y=,PTx7eHYN7/3210z1UrmTq8at1y4=
-6,27,vnw1yo/U9URYAcxGy0nDiRysp7Y=,Pvv7AvKdj75V/xKtx0vuqlN+tyA=
-2,22,vnw1yo/U9URYAcxGy0nDiRysp7Y=,PTx7eHYN7/3210z1UrmTq8at1y4=
-6,21,vnw1yo/U9URYAcxGy0nDiRysp7Y=,PTx7eHYN7/3210z1UrmTq8at1y4=
-1,29,vnw1yo/U9URYAcxGy0nDiRysp7Y=,Pvv7AvKdj75V/xKtx0vuqlN+tyA=
-8,18,vnw1yo/U9URYAcxGy0nDiRysp7Y=,PTx7eHYN7/3210z1UrmTq8at1y4=
-4,16,vnw1yo/U9URYAcxGy0nDiRysp7Y=,PTx7eHYN7/3210z1UrmTq8at1y4=
-3,24,vnw1yo/U9URYAcxGy0nDiRysp7Y=,Pvv7AvKdj75V/xKtx0vuqlN+tyA=
-3,22,vnw1yo/U9URYAcxGy0nDiRysp7Y=,PTx7eHYN7/3210z1UrmTq8at1y4=
-2,24,vnw1yo/U9URYAcxGy0nDiRysp7Y=,Pvv7AvKdj75V/xKtx0vuqlN+tyA=
-10,24,vnw1yo/U9URYAcxGy0nDiRysp7Y=,TOYtcU/ypsv/cqx1YISCKMDVDIQ=
-13,31,vnw1yo/U9URYAcxGy0nDiRysp7Y=,TOYtcU/ypsv/cqx1YISCKMDVDIQ=
-14,31,vnw1yo/U9URYAcxGy0nDiRysp7Y=,TOYtcU/ypsv/cqx1YISCKMDVDIQ=
-7,27,vnw1yo/U9URYAcxGy0nDiRysp7Y=,Pvv7AvKdj75V/xKtx0vuqlN+tyA=
-1,28,vnw1yo/U9URYAcxGy0nDiRysp7Y=,Pvv7AvKdj75V/xKtx0vuqlN+tyA=
-13,26,vnw1yo/U9URYAcxGy0nDiRysp7Y=,TOYtcU/ypsv/cqx1YISCKMDVDIQ=
-7,18,vnw1yo/U9URYAcxGy0nDiRysp7Y=,PTx7eHYN7/3210z1UrmTq8at1y4=
-14,26,vnw1yo/U9URYAcxGy0nDiRysp7Y=,TOYtcU/ypsv/cqx1YISCKMDVDIQ=
-4,17,vnw1yo/U9URYAcxGy0nDiRysp7Y=,PTx7eHYN7/3210z1UrmTq8at1y4=
-4,24,vnw1yo/U9URYAcxGy0nDiRysp7Y=,Pvv7AvKdj75V/xKtx0vuqlN+tyA=
-4,20,vnw1yo/U9URYAcxGy0nDiRysp7Y=,PTx7eHYN7/3210z1UrmTq8at1y4=
-9,30,vnw1yo/U9URYAcxGy0nDiRysp7Y=,TOYtcU/ypsv/cqx1YISCKMDVDIQ=
-4,21,vnw1yo/U9URYAcxGy0nDiRysp7Y=,PTx7eHYN7/3210z1UrmTq8at1y4=
-3,21,vnw1yo/U9URYAcxGy0nDiRysp7Y=,PTx7eHYN7/3210z1UrmTq8at1y4=
-3,20,vnw1yo/U9URYAcxGy0nDiRysp7Y=,PTx7eHYN7/3210z1UrmTq8at1y4=
-1,31,vnw1yo/U9URYAcxGy0nDiRysp7Y=,Pvv7AvKdj75V/xKtx0vuqlN+tyA=
-8,27,vnw1yo/U9URYAcxGy0nDiRysp7Y=,Pvv7AvKdj75V/xKtx0vuqlN+tyA=
-13,30,vnw1yo/U9URYAcxGy0nDiRysp7Y=,TOYtcU/ypsv/cqx1YISCKMDVDIQ=
-9,29,vnw1yo/U9URYAcxGy0nDiRysp7Y=,TOYtcU/ypsv/cqx1YISCKMDVDIQ=
-10,21,vnw1yo/U9URYAcxGy0nDiRysp7Y=,33djTuZTKGhG1AnKTQGHjvHkshw=
-14,30,vnw1yo/U9URYAcxGy0nDiRysp7Y=,TOYtcU/ypsv/cqx1YISCKMDVDIQ=
-5,16,vnw1yo/U9URYAcxGy0nDiRysp7Y=,PTx7eHYN7/3210z1UrmTq8at1y4=
-13,25,/eGr7YRtfnTpWrlCmWcE55ePb6I=,TOYtcU/ypsv/cqx1YISCKMDVDIQ=
-2,21,/eGr7YRtfnTpWrlCmWcE55ePb6I=,PTx7eHYN7/3210z1UrmTq8at1y4=
-14,25,/eGr7YRtfnTpWrlCmWcE55ePb6I=,TOYtcU/ypsv/cqx1YISCKMDVDIQ=
-12,25,/eGr7YRtfnTpWrlCmWcE55ePb6I=,TOYtcU/ypsv/cqx1YISCKMDVDIQ=
-9,27,/eGr7YRtfnTpWrlCmWcE55ePb6I=,TOYtcU/ypsv/cqx1YISCKMDVDIQ=
-14,19,/eGr7YRtfnTpWrlCmWcE55ePb6I=,33djTuZTKGhG1AnKTQGHjvHkshw=
-13,24,/eGr7YRtfnTpWrlCmWcE55ePb6I=,TOYtcU/ypsv/cqx1YISCKMDVDIQ=
-14,24,/eGr7YRtfnTpWrlCmWcE55ePb6I=,TOYtcU/ypsv/cqx1YISCKMDVDIQ=
-11,25,/eGr7YRtfnTpWrlCmWcE55ePb6I=,TOYtcU/ypsv/cqx1YISCKMDVDIQ=
-12,22,/eGr7YRtfnTpWrlCmWcE55ePb6I=,33djTuZTKGhG1AnKTQGHjvHkshw=
-2,30,/eGr7YRtfnTpWrlCmWcE55ePb6I=,Pvv7AvKdj75V/xKtx0vuqlN+tyA=
-8,16,/eGr7YRtfnTpWrlCmWcE55ePb6I=,PTx7eHYN7/3210z1UrmTq8at1y4=
-14,22,/eGr7YRtfnTpWrlCmWcE55ePb6I=,33djTuZTKGhG1AnKTQGHjvHkshw=
-12,26,/eGr7YRtfnTpWrlCmWcE55ePb6I=,TOYtcU/ypsv/cqx1YISCKMDVDIQ=
-6,16,/eGr7YRtfnTpWrlCmWcE55ePb6I=,PTx7eHYN7/3210z1UrmTq8at1y4=
-10,25,/eGr7YRtfnTpWrlCmWcE55ePb6I=,TOYtcU/ypsv/cqx1YISCKMDVDIQ=
-4,22,/eGr7YRtfnTpWrlCmWcE55ePb6I=,PTx7eHYN7/3210z1UrmTq8at1y4=
-13,29,/eGr7YRtfnTpWrlCmWcE55ePb6I=,TOYtcU/ypsv/cqx1YISCKMDVDIQ=
-10,26,/eGr7YRtfnTpWrlCmWcE55ePb6I=,TOYtcU/ypsv/cqx1YISCKMDVDIQ=
-14,29,/eGr7YRtfnTpWrlCmWcE55ePb6I=,TOYtcU/ypsv/cqx1YISCKMDVDIQ=
-12,18,/eGr7YRtfnTpWrlCmWcE55ePb6I=,33djTuZTKGhG1AnKTQGHjvHkshw=
-13,22,/eGr7YRtfnTpWrlCmWcE55ePb6I=,33djTuZTKGhG1AnKTQGHjvHkshw=
-11,26,/eGr7YRtfnTpWrlCmWcE55ePb6I=,TOYtcU/ypsv/cqx1YISCKMDVDIQ=
-11,20,/eGr7YRtfnTpWrlCmWcE55ePb6I=,33djTuZTKGhG1AnKTQGHjvHkshw=
-7,16,/eGr7YRtfnTpWrlCmWcE55ePb6I=,PTx7eHYN7/3210z1UrmTq8at1y4=
-3,30,/eGr7YRtfnTpWrlCmWcE55ePb6I=,Pvv7AvKdj75V/xKtx0vuqlN+tyA=
-9,16,/eGr7YRtfnTpWrlCmWcE55ePb6I=,33djTuZTKGhG1AnKTQGHjvHkshw=
-13,23,/eGr7YRtfnTpWrlCmWcE55ePb6I=,33djTuZTKGhG1AnKTQGHjvHkshw=
-14,23,/eGr7YRtfnTpWrlCmWcE55ePb6I=,33djTuZTKGhG1AnKTQGHjvHkshw=
-12,20,/eGr7YRtfnTpWrlCmWcE55ePb6I=,33djTuZTKGhG1AnKTQGHjvHkshw=
-12,21,/eGr7YRtfnTpWrlCmWcE55ePb6I=,33djTuZTKGhG1AnKTQGHjvHkshw=
-11,22,/eGr7YRtfnTpWrlCmWcE55ePb6I=,33djTuZTKGhG1AnKTQGHjvHkshw=
-11,21,/eGr7YRtfnTpWrlCmWcE55ePb6I=,33djTuZTKGhG1AnKTQGHjvHkshw=
-10,22,/eGr7YRtfnTpWrlCmWcE55ePb6I=,33djTuZTKGhG1AnKTQGHjvHkshw=
-10,20,/eGr7YRtfnTpWrlCmWcE55ePb6I=,33djTuZTKGhG1AnKTQGHjvHkshw=
-12,23,/eGr7YRtfnTpWrlCmWcE55ePb6I=,33djTuZTKGhG1AnKTQGHjvHkshw=
-7,17,/eGr7YRtfnTpWrlCmWcE55ePb6I=,PTx7eHYN7/3210z1UrmTq8at1y4=
-13,16,/eGr7YRtfnTpWrlCmWcE55ePb6I=,33djTuZTKGhG1AnKTQGHjvHkshw=
-13,28,/eGr7YRtfnTpWrlCmWcE55ePb6I=,TOYtcU/ypsv/cqx1YISCKMDVDIQ=
-11,23,/eGr7YRtfnTpWrlCmWcE55ePb6I=,33djTuZTKGhG1AnKTQGHjvHkshw=
-6,17,/eGr7YRtfnTpWrlCmWcE55ePb6I=,PTx7eHYN7/3210z1UrmTq8at1y4=
-14,28,/eGr7YRtfnTpWrlCmWcE55ePb6I=,TOYtcU/ypsv/cqx1YISCKMDVDIQ=
-14,16,/eGr7YRtfnTpWrlCmWcE55ePb6I=,33djTuZTKGhG1AnKTQGHjvHkshw=
-4,30,/eGr7YRtfnTpWrlCmWcE55ePb6I=,Pvv7AvKdj75V/xKtx0vuqlN+tyA=
-5,17,/eGr7YRtfnTpWrlCmWcE55ePb6I=,PTx7eHYN7/3210z1UrmTq8at1y4=
-13,27,/eGr7YRtfnTpWrlCmWcE55ePb6I=,TOYtcU/ypsv/cqx1YISCKMDVDIQ=
-14,27,/eGr7YRtfnTpWrlCmWcE55ePb6I=,TOYtcU/ypsv/cqx1YISCKMDVDIQ=
-9,20,/eGr7YRtfnTpWrlCmWcE55ePb6I=,33djTuZTKGhG1AnKTQGHjvHkshw=
-5,20,/eGr7YRtfnTpWrlCmWcE55ePb6I=,PTx7eHYN7/3210z1UrmTq8at1y4=
-8,17,/eGr7YRtfnTpWrlCmWcE55ePb6I=,PTx7eHYN7/3210z1UrmTq8at1y4=
-11,18,/eGr7YRtfnTpWrlCmWcE55ePb6I=,33djTuZTKGhG1AnKTQGHjvHkshw=
-14,20,/eGr7YRtfnTpWrlCmWcE55ePb6I=,33djTuZTKGhG1AnKTQGHjvHkshw=
-13,21,/eGr7YRtfnTpWrlCmWcE55ePb6I=,33djTuZTKGhG1AnKTQGHjvHkshw=
-14,17,/eGr7YRtfnTpWrlCmWcE55ePb6I=,33djTuZTKGhG1AnKTQGHjvHkshw=
-9,22,/eGr7YRtfnTpWrlCmWcE55ePb6I=,33djTuZTKGhG1AnKTQGHjvHkshw=
-12,16,/eGr7YRtfnTpWrlCmWcE55ePb6I=,33djTuZTKGhG1AnKTQGHjvHkshw=
-7,20,/eGr7YRtfnTpWrlCmWcE55ePb6I=,PTx7eHYN7/3210z1UrmTq8at1y4=
-9,21,/eGr7YRtfnTpWrlCmWcE55ePb6I=,33djTuZTKGhG1AnKTQGHjvHkshw=
-8,20,/eGr7YRtfnTpWrlCmWcE55ePb6I=,PTx7eHYN7/3210z1UrmTq8at1y4=
-10,23,/eGr7YRtfnTpWrlCmWcE55ePb6I=,33djTuZTKGhG1AnKTQGHjvHkshw=
-9,23,/eGr7YRtfnTpWrlCmWcE55ePb6I=,33djTuZTKGhG1AnKTQGHjvHkshw=
-7,21,/eGr7YRtfnTpWrlCmWcE55ePb6I=,PTx7eHYN7/3210z1UrmTq8at1y4=
-13,17,/eGr7YRtfnTpWrlCmWcE55ePb6I=,33djTuZTKGhG1AnKTQGHjvHkshw=
-14,21,/eGr7YRtfnTpWrlCmWcE55ePb6I=,33djTuZTKGhG1AnKTQGHjvHkshw=
-6,20,/eGr7YRtfnTpWrlCmWcE55ePb6I=,PTx7eHYN7/3210z1UrmTq8at1y4=
-2,31,/eGr7YRtfnTpWrlCmWcE55ePb6I=,Pvv7AvKdj75V/xKtx0vuqlN+tyA=
-5,30,/eGr7YRtfnTpWrlCmWcE55ePb6I=,Pvv7AvKdj75V/xKtx0vuqlN+tyA=
-10,17,/eGr7YRtfnTpWrlCmWcE55ePb6I=,33djTuZTKGhG1AnKTQGHjvHkshw=
-13,19,/eGr7YRtfnTpWrlCmWcE55ePb6I=,33djTuZTKGhG1AnKTQGHjvHkshw=
-12,17,/eGr7YRtfnTpWrlCmWcE55ePb6I=,33djTuZTKGhG1AnKTQGHjvHkshw=
-14,18,/eGr7YRtfnTpWrlCmWcE55ePb6I=,33djTuZTKGhG1AnKTQGHjvHkshw=
-11,16,/eGr7YRtfnTpWrlCmWcE55ePb6I=,33djTuZTKGhG1AnKTQGHjvHkshw=
-13,20,/eGr7YRtfnTpWrlCmWcE55ePb6I=,33djTuZTKGhG1AnKTQGHjvHkshw=
-4,31,/eGr7YRtfnTpWrlCmWcE55ePb6I=,Pvv7AvKdj75V/xKtx0vuqlN+tyA=
-9,31,/eGr7YRtfnTpWrlCmWcE55ePb6I=,TOYtcU/ypsv/cqx1YISCKMDVDIQ=
-11,17,/eGr7YRtfnTpWrlCmWcE55ePb6I=,33djTuZTKGhG1AnKTQGHjvHkshw=
-8,21,/eGr7YRtfnTpWrlCmWcE55ePb6I=,PTx7eHYN7/3210z1UrmTq8at1y4=
-12,19,/eGr7YRtfnTpWrlCmWcE55ePb6I=,33djTuZTKGhG1AnKTQGHjvHkshw=
-13,18,/eGr7YRtfnTpWrlCmWcE55ePb6I=,33djTuZTKGhG1AnKTQGHjvHkshw=
-3,31,/eGr7YRtfnTpWrlCmWcE55ePb6I=,Pvv7AvKdj75V/xKtx0vuqlN+tyA=
-8,31,/eGr7YRtfnTpWrlCmWcE55ePb6I=,Pvv7AvKdj75V/xKtx0vuqlN+tyA=
-10,28,/eGr7YRtfnTpWrlCmWcE55ePb6I=,TOYtcU/ypsv/cqx1YISCKMDVDIQ=
-10,16,/eGr7YRtfnTpWrlCmWcE55ePb6I=,33djTuZTKGhG1AnKTQGHjvHkshw=
-10,19,/eGr7YRtfnTpWrlCmWcE55ePb6I=,33djTuZTKGhG1AnKTQGHjvHkshw=
-12,30,/eGr7YRtfnTpWrlCmWcE55ePb6I=,TOYtcU/ypsv/cqx1YISCKMDVDIQ=
-10,18,/eGr7YRtfnTpWrlCmWcE55ePb6I=,33djTuZTKGhG1AnKTQGHjvHkshw=
-10,30,/eGr7YRtfnTpWrlCmWcE55ePb6I=,TOYtcU/ypsv/cqx1YISCKMDVDIQ=
-12,29,/eGr7YRtfnTpWrlCmWcE55ePb6I=,TOYtcU/ypsv/cqx1YISCKMDVDIQ=
-11,29,/eGr7YRtfnTpWrlCmWcE55ePb6I=,TOYtcU/ypsv/cqx1YISCKMDVDIQ=
-7,31,/eGr7YRtfnTpWrlCmWcE55ePb6I=,Pvv7AvKdj75V/xKtx0vuqlN+tyA=
-12,28,/eGr7YRtfnTpWrlCmWcE55ePb6I=,TOYtcU/ypsv/cqx1YISCKMDVDIQ=
-6,31,/eGr7YRtfnTpWrlCmWcE55ePb6I=,Pvv7AvKdj75V/xKtx0vuqlN+tyA=
-11,19,/eGr7YRtfnTpWrlCmWcE55ePb6I=,33djTuZTKGhG1AnKTQGHjvHkshw=
-9,17,/eGr7YRtfnTpWrlCmWcE55ePb6I=,33djTuZTKGhG1AnKTQGHjvHkshw=
-9,28,/eGr7YRtfnTpWrlCmWcE55ePb6I=,TOYtcU/ypsv/cqx1YISCKMDVDIQ=
-6,30,/eGr7YRtfnTpWrlCmWcE55ePb6I=,Pvv7AvKdj75V/xKtx0vuqlN+tyA=
-10,29,/eGr7YRtfnTpWrlCmWcE55ePb6I=,TOYtcU/ypsv/cqx1YISCKMDVDIQ=
-8,28,/eGr7YRtfnTpWrlCmWcE55ePb6I=,Pvv7AvKdj75V/xKtx0vuqlN+tyA=
-9,18,/eGr7YRtfnTpWrlCmWcE55ePb6I=,33djTuZTKGhG1AnKTQGHjvHkshw=
-11,28,/eGr7YRtfnTpWrlCmWcE55ePb6I=,TOYtcU/ypsv/cqx1YISCKMDVDIQ=
-11,30,/eGr7YRtfnTpWrlCmWcE55ePb6I=,TOYtcU/ypsv/cqx1YISCKMDVDIQ=
-5,31,/eGr7YRtfnTpWrlCmWcE55ePb6I=,Pvv7AvKdj75V/xKtx0vuqlN+tyA=
-5,29,/eGr7YRtfnTpWrlCmWcE55ePb6I=,Pvv7AvKdj75V/xKtx0vuqlN+tyA=
-7,28,/eGr7YRtfnTpWrlCmWcE55ePb6I=,Pvv7AvKdj75V/xKtx0vuqlN+tyA=
-7,30,/eGr7YRtfnTpWrlCmWcE55ePb6I=,Pvv7AvKdj75V/xKtx0vuqlN+tyA=
-8,29,/eGr7YRtfnTpWrlCmWcE55ePb6I=,Pvv7AvKdj75V/xKtx0vuqlN+tyA=
-4,28,/eGr7YRtfnTpWrlCmWcE55ePb6I=,Pvv7AvKdj75V/xKtx0vuqlN+tyA=
-6,29,/eGr7YRtfnTpWrlCmWcE55ePb6I=,Pvv7AvKdj75V/xKtx0vuqlN+tyA=
-9,19,/eGr7YRtfnTpWrlCmWcE55ePb6I=,33djTuZTKGhG1AnKTQGHjvHkshw=
-2,29,/eGr7YRtfnTpWrlCmWcE55ePb6I=,Pvv7AvKdj75V/xKtx0vuqlN+tyA=
-3,28,/eGr7YRtfnTpWrlCmWcE55ePb6I=,Pvv7AvKdj75V/xKtx0vuqlN+tyA=
-7,29,/eGr7YRtfnTpWrlCmWcE55ePb6I=,Pvv7AvKdj75V/xKtx0vuqlN+tyA=
-5,28,/eGr7YRtfnTpWrlCmWcE55ePb6I=,Pvv7AvKdj75V/xKtx0vuqlN+tyA=
-8,30,/eGr7YRtfnTpWrlCmWcE55ePb6I=,Pvv7AvKdj75V/xKtx0vuqlN+tyA=
-3,29,/eGr7YRtfnTpWrlCmWcE55ePb6I=,Pvv7AvKdj75V/xKtx0vuqlN+tyA=
-4,29,/eGr7YRtfnTpWrlCmWcE55ePb6I=,Pvv7AvKdj75V/xKtx0vuqlN+tyA=
-2,28,/eGr7YRtfnTpWrlCmWcE55ePb6I=,Pvv7AvKdj75V/xKtx0vuqlN+tyA=
-6,28,/eGr7YRtfnTpWrlCmWcE55ePb6I=,Pvv7AvKdj75V/xKtx0vuqlN+tyA=
-1,7,/eGr7YRtfnTpWrlCmWcE55ePb6I=,8Pz4QlpN8SQz01/JfWIKx3XyFSc=
-1,8,/eGr7YRtfnTpWrlCmWcE55ePb6I=,8Pz4QlpN8SQz01/JfWIKx3XyFSc=
-3,11,/eGr7YRtfnTpWrlCmWcE55ePb6I=,8Pz4QlpN8SQz01/JfWIKx3XyFSc=
-4,4,/eGr7YRtfnTpWrlCmWcE55ePb6I=,8Pz4QlpN8SQz01/JfWIKx3XyFSc=
-2,11,/eGr7YRtfnTpWrlCmWcE55ePb6I=,8Pz4QlpN8SQz01/JfWIKx3XyFSc=
-3,4,/eGr7YRtfnTpWrlCmWcE55ePb6I=,8Pz4QlpN8SQz01/JfWIKx3XyFSc=
-4,11,/eGr7YRtfnTpWrlCmWcE55ePb6I=,8Pz4QlpN8SQz01/JfWIKx3XyFSc=
-3,8,/eGr7YRtfnTpWrlCmWcE55ePb6I=,8Pz4QlpN8SQz01/JfWIKx3XyFSc=
-4,8,/eGr7YRtfnTpWrlCmWcE55ePb6I=,8Pz4QlpN8SQz01/JfWIKx3XyFSc=
-2,7,/eGr7YRtfnTpWrlCmWcE55ePb6I=,8Pz4QlpN8SQz01/JfWIKx3XyFSc=
-9,7,/eGr7YRtfnTpWrlCmWcE55ePb6I=,r3q7aQ3jgdpmy3jROcRwS31rl58=
-3,7,/eGr7YRtfnTpWrlCmWcE55ePb6I=,8Pz4QlpN8SQz01/JfWIKx3XyFSc=
-1,9,/eGr7YRtfnTpWrlCmWcE55ePb6I=,8Pz4QlpN8SQz01/JfWIKx3XyFSc=
-2,8,/eGr7YRtfnTpWrlCmWcE55ePb6I=,8Pz4QlpN8SQz01/JfWIKx3XyFSc=
-1,10,/eGr7YRtfnTpWrlCmWcE55ePb6I=,8Pz4QlpN8SQz01/JfWIKx3XyFSc=
-1,15,/eGr7YRtfnTpWrlCmWcE55ePb6I=,8Pz4QlpN8SQz01/JfWIKx3XyFSc=
-4,7,/eGr7YRtfnTpWrlCmWcE55ePb6I=,8Pz4QlpN8SQz01/JfWIKx3XyFSc=
-2,15,toGqThg/KewMoqby5+LQcU8LlDo=,8Pz4QlpN8SQz01/JfWIKx3XyFSc=
-4,9,toGqThg/KewMoqby5+LQcU8LlDo=,8Pz4QlpN8SQz01/JfWIKx3XyFSc=
-3,15,toGqThg/KewMoqby5+LQcU8LlDo=,8Pz4QlpN8SQz01/JfWIKx3XyFSc=
-3,1,toGqThg/KewMoqby5+LQcU8LlDo=,8Pz4QlpN8SQz01/JfWIKx3XyFSc=
-10,7,toGqThg/KewMoqby5+LQcU8LlDo=,r3q7aQ3jgdpmy3jROcRwS31rl58=
-1,6,toGqThg/KewMoqby5+LQcU8LlDo=,8Pz4QlpN8SQz01/JfWIKx3XyFSc=
-3,12,toGqThg/KewMoqby5+LQcU8LlDo=,8Pz4QlpN8SQz01/JfWIKx3XyFSc=
-4,15,toGqThg/KewMoqby5+LQcU8LlDo=,8Pz4QlpN8SQz01/JfWIKx3XyFSc=
-2,4,toGqThg/KewMoqby5+LQcU8LlDo=,8Pz4QlpN8SQz01/JfWIKx3XyFSc=
-2,9,toGqThg/KewMoqby5+LQcU8LlDo=,8Pz4QlpN8SQz01/JfWIKx3XyFSc=
-4,1,toGqThg/KewMoqby5+LQcU8LlDo=,8Pz4QlpN8SQz01/JfWIKx3XyFSc=
-3,9,toGqThg/KewMoqby5+LQcU8LlDo=,8Pz4QlpN8SQz01/JfWIKx3XyFSc=
-4,12,toGqThg/KewMoqby5+LQcU8LlDo=,8Pz4QlpN8SQz01/JfWIKx3XyFSc=
-2,0,toGqThg/KewMoqby5+LQcU8LlDo=,8Pz4QlpN8SQz01/JfWIKx3XyFSc=
-1,0,toGqThg/KewMoqby5+LQcU8LlDo=,8Pz4QlpN8SQz01/JfWIKx3XyFSc=
-1,3,toGqThg/KewMoqby5+LQcU8LlDo=,8Pz4QlpN8SQz01/JfWIKx3XyFSc=
-12,4,toGqThg/KewMoqby5+LQcU8LlDo=,r3q7aQ3jgdpmy3jROcRwS31rl58=
-1,12,toGqThg/KewMoqby5+LQcU8LlDo=,8Pz4QlpN8SQz01/JfWIKx3XyFSc=
-9,0,toGqThg/KewMoqby5+LQcU8LlDo=,r3q7aQ3jgdpmy3jROcRwS31rl58=
-2,6,toGqThg/KewMoqby5+LQcU8LlDo=,8Pz4QlpN8SQz01/JfWIKx3XyFSc=
-2,12,toGqThg/KewMoqby5+LQcU8LlDo=,8Pz4QlpN8SQz01/JfWIKx3XyFSc=
-1,13,toGqThg/KewMoqby5+LQcU8LlDo=,8Pz4QlpN8SQz01/JfWIKx3XyFSc=
-5,0,toGqThg/KewMoqby5+LQcU8LlDo=,8Pz4QlpN8SQz01/JfWIKx3XyFSc=
-3,6,toGqThg/KewMoqby5+LQcU8LlDo=,8Pz4QlpN8SQz01/JfWIKx3XyFSc=
-2,3,toGqThg/KewMoqby5+LQcU8LlDo=,8Pz4QlpN8SQz01/JfWIKx3XyFSc=
-4,13,toGqThg/KewMoqby5+LQcU8LlDo=,8Pz4QlpN8SQz01/JfWIKx3XyFSc=
-3,0,toGqThg/KewMoqby5+LQcU8LlDo=,8Pz4QlpN8SQz01/JfWIKx3XyFSc=
-9,5,toGqThg/KewMoqby5+LQcU8LlDo=,r3q7aQ3jgdpmy3jROcRwS31rl58=
-4,0,toGqThg/KewMoqby5+LQcU8LlDo=,8Pz4QlpN8SQz01/JfWIKx3XyFSc=
-10,0,toGqThg/KewMoqby5+LQcU8LlDo=,r3q7aQ3jgdpmy3jROcRwS31rl58=
-1,14,toGqThg/KewMoqby5+LQcU8LlDo=,8Pz4QlpN8SQz01/JfWIKx3XyFSc=
-4,10,toGqThg/KewMoqby5+LQcU8LlDo=,8Pz4QlpN8SQz01/JfWIKx3XyFSc=
-3,3,toGqThg/KewMoqby5+LQcU8LlDo=,8Pz4QlpN8SQz01/JfWIKx3XyFSc=
-6,0,toGqThg/KewMoqby5+LQcU8LlDo=,8Pz4QlpN8SQz01/JfWIKx3XyFSc=
-4,6,0T8XDS8aB4BH+5eoa2aET7oQt2A=,8Pz4QlpN8SQz01/JfWIKx3XyFSc=
-3,13,0T8XDS8aB4BH+5eoa2aET7oQt2A=,8Pz4QlpN8SQz01/JfWIKx3XyFSc=
-8,0,0T8XDS8aB4BH+5eoa2aET7oQt2A=,8Pz4QlpN8SQz01/JfWIKx3XyFSc=
-2,14,0T8XDS8aB4BH+5eoa2aET7oQt2A=,8Pz4QlpN8SQz01/JfWIKx3XyFSc=
-1,4,0T8XDS8aB4BH+5eoa2aET7oQt2A=,8Pz4QlpN8SQz01/JfWIKx3XyFSc=
-1,5,0T8XDS8aB4BH+5eoa2aET7oQt2A=,8Pz4QlpN8SQz01/JfWIKx3XyFSc=
-3,10,0T8XDS8aB4BH+5eoa2aET7oQt2A=,8Pz4QlpN8SQz01/JfWIKx3XyFSc=
-4,3,0T8XDS8aB4BH+5eoa2aET7oQt2A=,8Pz4QlpN8SQz01/JfWIKx3XyFSc=
-3,14,0T8XDS8aB4BH+5eoa2aET7oQt2A=,8Pz4QlpN8SQz01/JfWIKx3XyFSc=
-10,5,0T8XDS8aB4BH+5eoa2aET7oQt2A=,r3q7aQ3jgdpmy3jROcRwS31rl58=
-2,10,0T8XDS8aB4BH+5eoa2aET7oQt2A=,8Pz4QlpN8SQz01/JfWIKx3XyFSc=
-7,0,0T8XDS8aB4BH+5eoa2aET7oQt2A=,8Pz4QlpN8SQz01/JfWIKx3XyFSc=
-4,14,0T8XDS8aB4BH+5eoa2aET7oQt2A=,8Pz4QlpN8SQz01/JfWIKx3XyFSc=
-2,13,0T8XDS8aB4BH+5eoa2aET7oQt2A=,8Pz4QlpN8SQz01/JfWIKx3XyFSc=
-11,0,0T8XDS8aB4BH+5eoa2aET7oQt2A=,r3q7aQ3jgdpmy3jROcRwS31rl58=
-1,1,0T8XDS8aB4BH+5eoa2aET7oQt2A=,8Pz4QlpN8SQz01/JfWIKx3XyFSc=
-2,5,0T8XDS8aB4BH+5eoa2aET7oQt2A=,8Pz4QlpN8SQz01/JfWIKx3XyFSc=
-1,2,0T8XDS8aB4BH+5eoa2aET7oQt2A=,8Pz4QlpN8SQz01/JfWIKx3XyFSc=
-7,2,0T8XDS8aB4BH+5eoa2aET7oQt2A=,8Pz4QlpN8SQz01/JfWIKx3XyFSc=
-3,2,0T8XDS8aB4BH+5eoa2aET7oQt2A=,8Pz4QlpN8SQz01/JfWIKx3XyFSc=
-2,2,0T8XDS8aB4BH+5eoa2aET7oQt2A=,8Pz4QlpN8SQz01/JfWIKx3XyFSc=
-6,3,0T8XDS8aB4BH+5eoa2aET7oQt2A=,8Pz4QlpN8SQz01/JfWIKx3XyFSc=
-4,2,0T8XDS8aB4BH+5eoa2aET7oQt2A=,8Pz4QlpN8SQz01/JfWIKx3XyFSc=
-1,11,0T8XDS8aB4BH+5eoa2aET7oQt2A=,8Pz4QlpN8SQz01/JfWIKx3XyFSc=
-5,2,0T8XDS8aB4BH+5eoa2aET7oQt2A=,8Pz4QlpN8SQz01/JfWIKx3XyFSc=
-2,1,0T8XDS8aB4BH+5eoa2aET7oQt2A=,8Pz4QlpN8SQz01/JfWIKx3XyFSc=
-11,5,0T8XDS8aB4BH+5eoa2aET7oQt2A=,r3q7aQ3jgdpmy3jROcRwS31rl58=
-3,5,0T8XDS8aB4BH+5eoa2aET7oQt2A=,8Pz4QlpN8SQz01/JfWIKx3XyFSc=
-4,5,0T8XDS8aB4BH+5eoa2aET7oQt2A=,8Pz4QlpN8SQz01/JfWIKx3XyFSc=
-6,2,0T8XDS8aB4BH+5eoa2aET7oQt2A=,8Pz4QlpN8SQz01/JfWIKx3XyFSc=
-5,3,0T8XDS8aB4BH+5eoa2aET7oQt2A=,8Pz4QlpN8SQz01/JfWIKx3XyFSc=
-5,1,0T8XDS8aB4BH+5eoa2aET7oQt2A=,8Pz4QlpN8SQz01/JfWIKx3XyFSc=
-7,3,0T8XDS8aB4BH+5eoa2aET7oQt2A=,8Pz4QlpN8SQz01/JfWIKx3XyFSc=
-14,6,0T8XDS8aB4BH+5eoa2aET7oQt2A=,r3q7aQ3jgdpmy3jROcRwS31rl58=
-14,1,0T8XDS8aB4BH+5eoa2aET7oQt2A=,r3q7aQ3jgdpmy3jROcRwS31rl58=
-12,3,0T8XDS8aB4BH+5eoa2aET7oQt2A=,r3q7aQ3jgdpmy3jROcRwS31rl58=
-12,0,0T8XDS8aB4BH+5eoa2aET7oQt2A=,r3q7aQ3jgdpmy3jROcRwS31rl58=
-14,3,0T8XDS8aB4BH+5eoa2aET7oQt2A=,r3q7aQ3jgdpmy3jROcRwS31rl58=
-14,5,0T8XDS8aB4BH+5eoa2aET7oQt2A=,r3q7aQ3jgdpmy3jROcRwS31rl58=
-6,1,0T8XDS8aB4BH+5eoa2aET7oQt2A=,8Pz4QlpN8SQz01/JfWIKx3XyFSc=
-14,2,0T8XDS8aB4BH+5eoa2aET7oQt2A=,r3q7aQ3jgdpmy3jROcRwS31rl58=
-11,1,0T8XDS8aB4BH+5eoa2aET7oQt2A=,r3q7aQ3jgdpmy3jROcRwS31rl58=
-8,3,0T8XDS8aB4BH+5eoa2aET7oQt2A=,8Pz4QlpN8SQz01/JfWIKx3XyFSc=
-11,2,0T8XDS8aB4BH+5eoa2aET7oQt2A=,r3q7aQ3jgdpmy3jROcRwS31rl58=
-10,1,0T8XDS8aB4BH+5eoa2aET7oQt2A=,r3q7aQ3jgdpmy3jROcRwS31rl58=
-8,2,0T8XDS8aB4BH+5eoa2aET7oQt2A=,8Pz4QlpN8SQz01/JfWIKx3XyFSc=
-11,3,0T8XDS8aB4BH+5eoa2aET7oQt2A=,r3q7aQ3jgdpmy3jROcRwS31rl58=
-13,4,0T8XDS8aB4BH+5eoa2aET7oQt2A=,r3q7aQ3jgdpmy3jROcRwS31rl58=
-12,1,0T8XDS8aB4BH+5eoa2aET7oQt2A=,r3q7aQ3jgdpmy3jROcRwS31rl58=
-8,7,0T8XDS8aB4BH+5eoa2aET7oQt2A=,8Pz4QlpN8SQz01/JfWIKx3XyFSc=
-13,0,0T8XDS8aB4BH+5eoa2aET7oQt2A=,r3q7aQ3jgdpmy3jROcRwS31rl58=
-13,3,0T8XDS8aB4BH+5eoa2aET7oQt2A=,r3q7aQ3jgdpmy3jROcRwS31rl58=
-14,0,0T8XDS8aB4BH+5eoa2aET7oQt2A=,r3q7aQ3jgdpmy3jROcRwS31rl58=
-14,4,0T8XDS8aB4BH+5eoa2aET7oQt2A=,r3q7aQ3jgdpmy3jROcRwS31rl58=
-10,3,0T8XDS8aB4BH+5eoa2aET7oQt2A=,r3q7aQ3jgdpmy3jROcRwS31rl58=
-12,5,0T8XDS8aB4BH+5eoa2aET7oQt2A=,r3q7aQ3jgdpmy3jROcRwS31rl58=
-7,1,0T8XDS8aB4BH+5eoa2aET7oQt2A=,8Pz4QlpN8SQz01/JfWIKx3XyFSc=
-12,2,0T8XDS8aB4BH+5eoa2aET7oQt2A=,r3q7aQ3jgdpmy3jROcRwS31rl58=
-9,2,0T8XDS8aB4BH+5eoa2aET7oQt2A=,r3q7aQ3jgdpmy3jROcRwS31rl58=
-14,7,0T8XDS8aB4BH+5eoa2aET7oQt2A=,r3q7aQ3jgdpmy3jROcRwS31rl58=
-13,6,0T8XDS8aB4BH+5eoa2aET7oQt2A=,r3q7aQ3jgdpmy3jROcRwS31rl58=
-9,3,0T8XDS8aB4BH+5eoa2aET7oQt2A=,r3q7aQ3jgdpmy3jROcRwS31rl58=
-9,1,0T8XDS8aB4BH+5eoa2aET7oQt2A=,r3q7aQ3jgdpmy3jROcRwS31rl58=
-10,2,0T8XDS8aB4BH+5eoa2aET7oQt2A=,r3q7aQ3jgdpmy3jROcRwS31rl58=
-13,1,0T8XDS8aB4BH+5eoa2aET7oQt2A=,r3q7aQ3jgdpmy3jROcRwS31rl58=
-13,2,0T8XDS8aB4BH+5eoa2aET7oQt2A=,r3q7aQ3jgdpmy3jROcRwS31rl58=
-8,1,0T8XDS8aB4BH+5eoa2aET7oQt2A=,8Pz4QlpN8SQz01/JfWIKx3XyFSc=
-14,9,0T8XDS8aB4BH+5eoa2aET7oQt2A=,G+GyiGiUlIbWHMKH8mrw5eUhIO0=
-6,4,0T8XDS8aB4BH+5eoa2aET7oQt2A=,8Pz4QlpN8SQz01/JfWIKx3XyFSc=
-13,5,0T8XDS8aB4BH+5eoa2aET7oQt2A=,r3q7aQ3jgdpmy3jROcRwS31rl58=
-8,13,0T8XDS8aB4BH+5eoa2aET7oQt2A=,8Pz4QlpN8SQz01/JfWIKx3XyFSc=
-11,7,0T8XDS8aB4BH+5eoa2aET7oQt2A=,r3q7aQ3jgdpmy3jROcRwS31rl58=
-8,6,0T8XDS8aB4BH+5eoa2aET7oQt2A=,8Pz4QlpN8SQz01/JfWIKx3XyFSc=
-12,7,0T8XDS8aB4BH+5eoa2aET7oQt2A=,r3q7aQ3jgdpmy3jROcRwS31rl58=
-5,4,0T8XDS8aB4BH+5eoa2aET7oQt2A=,8Pz4QlpN8SQz01/JfWIKx3XyFSc=
-7,4,0T8XDS8aB4BH+5eoa2aET7oQt2A=,8Pz4QlpN8SQz01/JfWIKx3XyFSc=
-8,14,0T8XDS8aB4BH+5eoa2aET7oQt2A=,8Pz4QlpN8SQz01/JfWIKx3XyFSc=
-7,5,0T8XDS8aB4BH+5eoa2aET7oQt2A=,8Pz4QlpN8SQz01/JfWIKx3XyFSc=
-11,8,0T8XDS8aB4BH+5eoa2aET7oQt2A=,G+GyiGiUlIbWHMKH8mrw5eUhIO0=
-6,6,0T8XDS8aB4BH+5eoa2aET7oQt2A=,8Pz4QlpN8SQz01/JfWIKx3XyFSc=
-13,7,0T8XDS8aB4BH+5eoa2aET7oQt2A=,r3q7aQ3jgdpmy3jROcRwS31rl58=
-5,5,0T8XDS8aB4BH+5eoa2aET7oQt2A=,8Pz4QlpN8SQz01/JfWIKx3XyFSc=
-7,6,0T8XDS8aB4BH+5eoa2aET7oQt2A=,8Pz4QlpN8SQz01/JfWIKx3XyFSc=
-8,15,0T8XDS8aB4BH+5eoa2aET7oQt2A=,8Pz4QlpN8SQz01/JfWIKx3XyFSc=
-6,11,0T8XDS8aB4BH+5eoa2aET7oQt2A=,8Pz4QlpN8SQz01/JfWIKx3XyFSc=
-6,5,0T8XDS8aB4BH+5eoa2aET7oQt2A=,8Pz4QlpN8SQz01/JfWIKx3XyFSc=
-7,12,0T8XDS8aB4BH+5eoa2aET7oQt2A=,8Pz4QlpN8SQz01/JfWIKx3XyFSc=
-6,12,0T8XDS8aB4BH+5eoa2aET7oQt2A=,8Pz4QlpN8SQz01/JfWIKx3XyFSc=
-12,10,0T8XDS8aB4BH+5eoa2aET7oQt2A=,G+GyiGiUlIbWHMKH8mrw5eUhIO0=
-7,7,0T8XDS8aB4BH+5eoa2aET7oQt2A=,8Pz4QlpN8SQz01/JfWIKx3XyFSc=
-5,6,0T8XDS8aB4BH+5eoa2aET7oQt2A=,8Pz4QlpN8SQz01/JfWIKx3XyFSc=
-9,6,0T8XDS8aB4BH+5eoa2aET7oQt2A=,r3q7aQ3jgdpmy3jROcRwS31rl58=
-5,12,0T8XDS8aB4BH+5eoa2aET7oQt2A=,8Pz4QlpN8SQz01/JfWIKx3XyFSc=
-6,7,0T8XDS8aB4BH+5eoa2aET7oQt2A=,8Pz4QlpN8SQz01/JfWIKx3XyFSc=
-7,13,0T8XDS8aB4BH+5eoa2aET7oQt2A=,8Pz4QlpN8SQz01/JfWIKx3XyFSc=
-11,4,0T8XDS8aB4BH+5eoa2aET7oQt2A=,r3q7aQ3jgdpmy3jROcRwS31rl58=
-10,4,0T8XDS8aB4BH+5eoa2aET7oQt2A=,r3q7aQ3jgdpmy3jROcRwS31rl58=
-5,7,0T8XDS8aB4BH+5eoa2aET7oQt2A=,8Pz4QlpN8SQz01/JfWIKx3XyFSc=
-6,13,0T8XDS8aB4BH+5eoa2aET7oQt2A=,8Pz4QlpN8SQz01/JfWIKx3XyFSc=
-5,11,0T8XDS8aB4BH+5eoa2aET7oQt2A=,8Pz4QlpN8SQz01/JfWIKx3XyFSc=
-10,8,0T8XDS8aB4BH+5eoa2aET7oQt2A=,G+GyiGiUlIbWHMKH8mrw5eUhIO0=
-9,4,0T8XDS8aB4BH+5eoa2aET7oQt2A=,r3q7aQ3jgdpmy3jROcRwS31rl58=
-7,14,0T8XDS8aB4BH+5eoa2aET7oQt2A=,8Pz4QlpN8SQz01/JfWIKx3XyFSc=
-11,10,0T8XDS8aB4BH+5eoa2aET7oQt2A=,G+GyiGiUlIbWHMKH8mrw5eUhIO0=
-6,14,0T8XDS8aB4BH+5eoa2aET7oQt2A=,8Pz4QlpN8SQz01/JfWIKx3XyFSc=
-14,11,0T8XDS8aB4BH+5eoa2aET7oQt2A=,G+GyiGiUlIbWHMKH8mrw5eUhIO0=
-9,10,0T8XDS8aB4BH+5eoa2aET7oQt2A=,G+GyiGiUlIbWHMKH8mrw5eUhIO0=
-12,6,0T8XDS8aB4BH+5eoa2aET7oQt2A=,r3q7aQ3jgdpmy3jROcRwS31rl58=
-8,5,0T8XDS8aB4BH+5eoa2aET7oQt2A=,8Pz4QlpN8SQz01/JfWIKx3XyFSc=
-5,13,0T8XDS8aB4BH+5eoa2aET7oQt2A=,8Pz4QlpN8SQz01/JfWIKx3XyFSc=
-14,8,0T8XDS8aB4BH+5eoa2aET7oQt2A=,G+GyiGiUlIbWHMKH8mrw5eUhIO0=
-8,8,0T8XDS8aB4BH+5eoa2aET7oQt2A=,8Pz4QlpN8SQz01/JfWIKx3XyFSc=
-10,6,0T8XDS8aB4BH+5eoa2aET7oQt2A=,r3q7aQ3jgdpmy3jROcRwS31rl58=
-11,6,0T8XDS8aB4BH+5eoa2aET7oQt2A=,r3q7aQ3jgdpmy3jROcRwS31rl58=
-8,4,0T8XDS8aB4BH+5eoa2aET7oQt2A=,8Pz4QlpN8SQz01/JfWIKx3XyFSc=
-5,14,0T8XDS8aB4BH+5eoa2aET7oQt2A=,8Pz4QlpN8SQz01/JfWIKx3XyFSc=
-13,9,0T8XDS8aB4BH+5eoa2aET7oQt2A=,G+GyiGiUlIbWHMKH8mrw5eUhIO0=
-9,8,0T8XDS8aB4BH+5eoa2aET7oQt2A=,G+GyiGiUlIbWHMKH8mrw5eUhIO0=
-6,9,0T8XDS8aB4BH+5eoa2aET7oQt2A=,8Pz4QlpN8SQz01/JfWIKx3XyFSc=
-7,10,0T8XDS8aB4BH+5eoa2aET7oQt2A=,8Pz4QlpN8SQz01/JfWIKx3XyFSc=
-10,10,0T8XDS8aB4BH+5eoa2aET7oQt2A=,G+GyiGiUlIbWHMKH8mrw5eUhIO0=
-7,9,0T8XDS8aB4BH+5eoa2aET7oQt2A=,8Pz4QlpN8SQz01/JfWIKx3XyFSc=
-13,8,0T8XDS8aB4BH+5eoa2aET7oQt2A=,G+GyiGiUlIbWHMKH8mrw5eUhIO0=
-6,10,0T8XDS8aB4BH+5eoa2aET7oQt2A=,8Pz4QlpN8SQz01/JfWIKx3XyFSc=
-8,9,0T8XDS8aB4BH+5eoa2aET7oQt2A=,8Pz4QlpN8SQz01/JfWIKx3XyFSc=
-14,10,0T8XDS8aB4BH+5eoa2aET7oQt2A=,G+GyiGiUlIbWHMKH8mrw5eUhIO0=
-7,15,0T8XDS8aB4BH+5eoa2aET7oQt2A=,8Pz4QlpN8SQz01/JfWIKx3XyFSc=
-12,8,0T8XDS8aB4BH+5eoa2aET7oQt2A=,G+GyiGiUlIbWHMKH8mrw5eUhIO0=
-6,8,0T8XDS8aB4BH+5eoa2aET7oQt2A=,8Pz4QlpN8SQz01/JfWIKx3XyFSc=
-5,8,0T8XDS8aB4BH+5eoa2aET7oQt2A=,8Pz4QlpN8SQz01/JfWIKx3XyFSc=
-6,15,0T8XDS8aB4BH+5eoa2aET7oQt2A=,8Pz4QlpN8SQz01/JfWIKx3XyFSc=
-7,8,0T8XDS8aB4BH+5eoa2aET7oQt2A=,8Pz4QlpN8SQz01/JfWIKx3XyFSc=
-5,9,0T8XDS8aB4BH+5eoa2aET7oQt2A=,8Pz4QlpN8SQz01/JfWIKx3XyFSc=
-5,15,0T8XDS8aB4BH+5eoa2aET7oQt2A=,8Pz4QlpN8SQz01/JfWIKx3XyFSc=
-9,15,0T8XDS8aB4BH+5eoa2aET7oQt2A=,G+GyiGiUlIbWHMKH8mrw5eUhIO0=
-13,10,0T8XDS8aB4BH+5eoa2aET7oQt2A=,G+GyiGiUlIbWHMKH8mrw5eUhIO0=
-8,12,0T8XDS8aB4BH+5eoa2aET7oQt2A=,8Pz4QlpN8SQz01/JfWIKx3XyFSc=
-8,10,0T8XDS8aB4BH+5eoa2aET7oQt2A=,8Pz4QlpN8SQz01/JfWIKx3XyFSc=
-14,15,0T8XDS8aB4BH+5eoa2aET7oQt2A=,G+GyiGiUlIbWHMKH8mrw5eUhIO0=
-13,11,0T8XDS8aB4BH+5eoa2aET7oQt2A=,G+GyiGiUlIbWHMKH8mrw5eUhIO0=
-5,10,0T8XDS8aB4BH+5eoa2aET7oQt2A=,8Pz4QlpN8SQz01/JfWIKx3XyFSc=
-7,11,0T8XDS8aB4BH+5eoa2aET7oQt2A=,8Pz4QlpN8SQz01/JfWIKx3XyFSc=
-11,15,0T8XDS8aB4BH+5eoa2aET7oQt2A=,G+GyiGiUlIbWHMKH8mrw5eUhIO0=
-13,15,0T8XDS8aB4BH+5eoa2aET7oQt2A=,G+GyiGiUlIbWHMKH8mrw5eUhIO0=
-14,14,0T8XDS8aB4BH+5eoa2aET7oQt2A=,G+GyiGiUlIbWHMKH8mrw5eUhIO0=
-8,11,0T8XDS8aB4BH+5eoa2aET7oQt2A=,8Pz4QlpN8SQz01/JfWIKx3XyFSc=
-10,15,0T8XDS8aB4BH+5eoa2aET7oQt2A=,G+GyiGiUlIbWHMKH8mrw5eUhIO0=
-9,9,0T8XDS8aB4BH+5eoa2aET7oQt2A=,G+GyiGiUlIbWHMKH8mrw5eUhIO0=
-12,15,0T8XDS8aB4BH+5eoa2aET7oQt2A=,G+GyiGiUlIbWHMKH8mrw5eUhIO0=
-9,14,0T8XDS8aB4BH+5eoa2aET7oQt2A=,G+GyiGiUlIbWHMKH8mrw5eUhIO0=
-10,14,0T8XDS8aB4BH+5eoa2aET7oQt2A=,G+GyiGiUlIbWHMKH8mrw5eUhIO0=
-14,13,0T8XDS8aB4BH+5eoa2aET7oQt2A=,G+GyiGiUlIbWHMKH8mrw5eUhIO0=
-11,9,0T8XDS8aB4BH+5eoa2aET7oQt2A=,G+GyiGiUlIbWHMKH8mrw5eUhIO0=
-10,9,0T8XDS8aB4BH+5eoa2aET7oQt2A=,G+GyiGiUlIbWHMKH8mrw5eUhIO0=
-12,9,0T8XDS8aB4BH+5eoa2aET7oQt2A=,G+GyiGiUlIbWHMKH8mrw5eUhIO0=
-13,14,0T8XDS8aB4BH+5eoa2aET7oQt2A=,G+GyiGiUlIbWHMKH8mrw5eUhIO0=
-9,13,0T8XDS8aB4BH+5eoa2aET7oQt2A=,G+GyiGiUlIbWHMKH8mrw5eUhIO0=
-9,12,0T8XDS8aB4BH+5eoa2aET7oQt2A=,G+GyiGiUlIbWHMKH8mrw5eUhIO0=
-11,14,0T8XDS8aB4BH+5eoa2aET7oQt2A=,G+GyiGiUlIbWHMKH8mrw5eUhIO0=
-14,12,0T8XDS8aB4BH+5eoa2aET7oQt2A=,G+GyiGiUlIbWHMKH8mrw5eUhIO0=
-10,12,0T8XDS8aB4BH+5eoa2aET7oQt2A=,G+GyiGiUlIbWHMKH8mrw5eUhIO0=
-12,14,0T8XDS8aB4BH+5eoa2aET7oQt2A=,G+GyiGiUlIbWHMKH8mrw5eUhIO0=
-11,13,0T8XDS8aB4BH+5eoa2aET7oQt2A=,G+GyiGiUlIbWHMKH8mrw5eUhIO0=
-10,13,0T8XDS8aB4BH+5eoa2aET7oQt2A=,G+GyiGiUlIbWHMKH8mrw5eUhIO0=
-12,13,0T8XDS8aB4BH+5eoa2aET7oQt2A=,G+GyiGiUlIbWHMKH8mrw5eUhIO0=
-13,13,0T8XDS8aB4BH+5eoa2aET7oQt2A=,G+GyiGiUlIbWHMKH8mrw5eUhIO0=
-13,12,0T8XDS8aB4BH+5eoa2aET7oQt2A=,G+GyiGiUlIbWHMKH8mrw5eUhIO0=
-11,12,0T8XDS8aB4BH+5eoa2aET7oQt2A=,G+GyiGiUlIbWHMKH8mrw5eUhIO0=
-12,12,0T8XDS8aB4BH+5eoa2aET7oQt2A=,G+GyiGiUlIbWHMKH8mrw5eUhIO0=
-9,11,0T8XDS8aB4BH+5eoa2aET7oQt2A=,G+GyiGiUlIbWHMKH8mrw5eUhIO0=
-12,11,0T8XDS8aB4BH+5eoa2aET7oQt2A=,G+GyiGiUlIbWHMKH8mrw5eUhIO0=
-11,11,0T8XDS8aB4BH+5eoa2aET7oQt2A=,G+GyiGiUlIbWHMKH8mrw5eUhIO0=
-10,11,0T8XDS8aB4BH+5eoa2aET7oQt2A=,G+GyiGiUlIbWHMKH8mrw5eUhIO0=
